{
  "name": "SharedMods",
  "title": "Shared Modules",
  "description": "A list of dependencies which are the list of mods we use.",
  "author": "",
  "version": "0.1",
  "minimumCoreVersion": "0.5.0",
  "compatibleCoreVersion": "0.7.9",
  "dependencies" : [
  	{
  		"name": "dnd5e",
  		"type": "system"
  	}
  ],
  "url": "https://github.com/SharedMods/SharedMods",
  "manifest": "https://raw.githubusercontent.com/SharedMods/SharedMods/master/SharedMods.json",
  "download": "https://github.com/SharedMods/SharedMods/archive/refs/heads/master.zip"
}
